_MEMBER_MyList,_LogP_MyList,GO,_PATTERN_,_RANK_,GiniIndex,Category,CategoryID,Description,PARENT_GO,LogP,Enrichment,Z-score,#TotalGeneInLibrary,#GeneInGO,#GeneInHitList,#GeneInGOAndHitList,%InGO,STDV %InGO,GeneID,Hits,Log(q-value),EvidenceCutoff
1,-2.5,COVID173,M1,1,0,COVID,200,Proteome_Stukalov_A549_72h_ORF3_Up,,-2.5,10,5,30337,291,31,3,9.7,5.3,1956|4363|5034,EGFR|ABCC1|P4HB,0,0
1,-2.5,COVID060,M1,1,0,COVID,200,Phosphoproteome_Bouhaddou_Vero_E6_24h_Up,,-2.5,9.8,4.9,30337,300,31,3,9.7,5.3,1956|8880|55183,EGFR|FUBP1|RIF1,0,0
1,-2.5,COVID199,M1,1,0,COVID,200,Ubiquitinome_Stukalov_A549-ACE2_24h_Up,,-2.5,9.8,4.9,30337,300,31,3,9.7,5.3,1956|4363|6421,EGFR|ABCC1|SFPQ,0,0
1,-2.5,COVID235,M1,1,0,COVID,200,Phosphoproteome_Klann_Caco-2_24h_Up,,-2.5,9.8,4.9,30337,300,31,3,9.7,5.3,6934|8880|55183,TCF7L2|FUBP1|RIF1,0,0
1,-2.5,COVID236,M1,1,0,COVID,200,Proteome_Klann_Caco-2_24h_Down,,-2.5,9.8,4.9,30337,300,31,3,9.7,5.3,688|54882|55183,KLF5|ANKHD1|RIF1,0,0
