_MEMBER_MyList,_LogP_MyList,GO,_PATTERN_,_RANK_,GiniIndex,Category,CategoryID,Description,PARENT_GO,LogP,Enrichment,Z-score,#TotalGeneInLibrary,#GeneInGO,#GeneInHitList,#GeneInGOAndHitList,%InGO,STDV %InGO,GeneID,Hits,Log(q-value),EvidenceCutoff
1,-3.7,TRR00011,M1,1,0,TRRUST,34,Regulated by: AR,,-3.7,27,8.8,30337,107,31,3,9.7,5.3,688|1956|6934,KLF5|EGFR|TCF7L2,-0.53,0
1,-3.4,TRR01158,M1,1,0,TRRUST,34,Regulated by: RELA,,-3.4,12,6.3,30337,334,31,4,13,6,1956|1958|7018|7378,EGFR|EGR1|TF|UPP1,-0.42,0
1,-3.4,TRR00875,M1,1,0,TRRUST,34,Regulated by: NFKB1,,-3.4,12,6.2,30337,340,31,4,13,6,1956|1958|7018|7378,EGFR|EGR1|TF|UPP1,-0.41,0
1,-3.1,TRR01419,M1,1,0,TRRUST,34,Regulated by: TP53,,-3.1,17,6.7,30337,176,31,3,9.7,5.3,1956|1958|6934,EGFR|EGR1|TCF7L2,-0.3,0
1,-2.7,TRR01256,M1,1,0,TRRUST,34,Regulated by: SP1,,-2.7,7.4,4.8,30337,526,31,4,13,6,1956|1958|4363|7018,EGFR|EGR1|ABCC1|TF,-0.11,0
